StudyInstanceUID,Report,ACL,MCL,Medial Meniscus,Lateral Meniscus,Medial OA,Lateral OA,PF OA,Effusion,Synovitis,Baker's,Contusion,Fracture
study_0000,Synthetic report for study_0000.,0.0,1.0,0.0,1.0,0.0,1.0,0.0,1.0,0.0,1.0,0.0,1.0
study_0001,Synthetic report for study_0001.,1.0,0.0,1.0,0.0,1.0,0.0,1.0,0.0,1.0,0.0,1.0,0.0
study_0002,Synthetic report for study_0002.,0.0,1.0,0.0,1.0,0.0,1.0,0.0,1.0,0.0,1.0,0.0,1.0
study_0003,Synthetic report for study_0003.,1.0,0.0,1.0,0.0,1.0,0.0,1.0,0.0,1.0,0.0,1.0,0.0
study_0004,Synthetic report for study_0004.,0.0,1.0,0.0,1.0,0.0,1.0,0.0,1.0,0.0,1.0,0.0,1.0
study_0005,Synthetic report for study_0005.,1.0,0.0,1.0,0.0,1.0,0.0,1.0,0.0,1.0,0.0,1.0,0.0
study_0006,Synthetic report for study_0006.,0.0,1.0,0.0,1.0,0.0,1.0,0.0,1.0,0.0,1.0,0.0,1.0
study_0007,Synthetic report for study_0007.,1.0,0.0,1.0,0.0,1.0,0.0,1.0,0.0,1.0,0.0,1.0,0.0
study_0008,Synthetic report for study_0008.,,,,,,,,,,,,
study_0009,Synthetic report for study_0009.,,,,,,,,,,,,
study_0010,Synthetic report for study_0010.,,,,,,,,,,,,
study_0011,Synthetic report for study_0011.,,,,,,,,,,,,
study_0012,Synthetic report for study_0012.,,,,,,,,,,,,
study_0013,Synthetic report for study_0013.,,,,,,,,,,,,
study_0014,Synthetic report for study_0014.,,,,,,,,,,,,
study_0015,Synthetic report for study_0015.,,,,,,,,,,,,
study_0016,Synthetic report for study_0016.,,,,,,,,,,,,
study_0017,Synthetic report for study_0017.,,,,,,,,,,,,
study_0018,Synthetic report for study_0018.,,,,,,,,,,,,
study_0019,Synthetic report for study_0019.,,,,,,,,,,,,
