StudyInstanceUID,SeriesInstanceUID,Fluid_Sensitive,Fat_Suppression,Anatomical_Plane
study_0000,study_0000_series_0,1,1,Sagittal
study_0000,study_0000_series_1,1,0,Coronal
study_0000,study_0000_series_2,0,0,Axial
study_0001,study_0001_series_0,1,1,Sagittal
study_0001,study_0001_series_1,1,0,Coronal
study_0001,study_0001_series_2,0,0,Axial
study_0002,study_0002_series_0,1,1,Sagittal
study_0002,study_0002_series_1,1,0,Coronal
study_0002,study_0002_series_2,0,0,Axial
study_0003,study_0003_series_0,1,1,Sagittal
study_0003,study_0003_series_1,1,0,Coronal
study_0003,study_0003_series_2,0,0,Axial
study_0004,study_0004_series_0,1,1,Sagittal
study_0004,study_0004_series_1,1,0,Coronal
study_0004,study_0004_series_2,0,0,Axial
study_0005,study_0005_series_0,1,1,Sagittal
study_0005,study_0005_series_1,1,0,Coronal
study_0005,study_0005_series_2,0,0,Axial
study_0006,study_0006_series_0,1,1,Sagittal
study_0006,study_0006_series_1,1,0,Coronal
study_0006,study_0006_series_2,0,0,Axial
study_0007,study_0007_series_0,1,1,Sagittal
study_0007,study_0007_series_1,1,0,Coronal
study_0007,study_0007_series_2,0,0,Axial
study_0008,study_0008_series_0,1,1,Sagittal
study_0008,study_0008_series_1,1,0,Coronal
study_0008,study_0008_series_2,0,0,Axial
study_0009,study_0009_series_0,1,1,Sagittal
study_0009,study_0009_series_1,1,0,Coronal
study_0009,study_0009_series_2,0,0,Axial
study_0010,study_0010_series_0,1,1,Sagittal
study_0010,study_0010_series_1,1,0,Coronal
study_0010,study_0010_series_2,0,0,Axial
study_0011,study_0011_series_0,1,1,Sagittal
study_0011,study_0011_series_1,1,0,Coronal
study_0011,study_0011_series_2,0,0,Axial
study_0012,study_0012_series_0,1,1,Sagittal
study_0012,study_0012_series_1,1,0,Coronal
study_0012,study_0012_series_2,0,0,Axial
study_0013,study_0013_series_0,1,1,Sagittal
study_0013,study_0013_series_1,1,0,Coronal
study_0013,study_0013_series_2,0,0,Axial
study_0014,study_0014_series_0,1,1,Sagittal
study_0014,study_0014_series_1,1,0,Coronal
study_0014,study_0014_series_2,0,0,Axial
study_0015,study_0015_series_0,1,1,Sagittal
study_0015,study_0015_series_1,1,0,Coronal
study_0015,study_0015_series_2,0,0,Axial
study_0016,study_0016_series_0,1,1,Sagittal
study_0016,study_0016_series_1,1,0,Coronal
study_0016,study_0016_series_2,0,0,Axial
study_0017,study_0017_series_0,1,1,Sagittal
study_0017,study_0017_series_1,1,0,Coronal
study_0017,study_0017_series_2,0,0,Axial
study_0018,study_0018_series_0,1,1,Sagittal
study_0018,study_0018_series_1,1,0,Coronal
study_0018,study_0018_series_2,0,0,Axial
study_0019,study_0019_series_0,1,1,Sagittal
study_0019,study_0019_series_1,1,0,Coronal
study_0019,study_0019_series_2,0,0,Axial
